BTCUSD,ETHUSD
638.03,11.92
638.16,11.95
641.92,11.95
639.56,11.96
635.11,12.54
629.79,12.01
628.05,12.06
630.83,12.05
652.75,12.03
651.04,11.94
649.98,11.92
654.3,11.33
674.0,11.49
691.21,11.48
689.95,11.13
714.28,10.47
697.41,11.19
696.9,10.98
730.7,10.84
744.6,10.83
690.0,10.87
706.32,11.15
706.99,11.16
717.02,11.01
706.42,10.93
711.15,10.84
720.97,10.62
712.91,10.51
716.9,10.29
704.53,9.95
704.01,10.14
708.32,10.02
712.29,10.27
739.85,10.0
730.71,9.91
748.54,9.51
750.77,9.68
731.99,9.6
736.4,9.54
746.66,9.87
741.52,9.8
737.99,9.18
739.74,9.4
735.7,9.33
729.24,8.98
729.77,8.67
732.37,8.14
742.69,8.61
754.0,8.45
769.25,7.73
766.98,7.86
767.99,7.37
752.0,6.75
759.8,7.83
764.34,8.35
767.89,8.2
773.22,8.47
775.87,8.14
771.05,8.23
778.94,8.5
776.18,8.41
777.66,8.24
776.16,7.83
780.98,7.84
788.57,7.85
790.72,7.92
790.81,7.64
798.99,7.64
834.5,7.91
856.02,7.55
917.26,7.13
891.5,7.22
896.12,7.19
902.09,7.26
925.2,7.16
982.17,7.62
970.72,8.29
960.81,8.21
973.37,8.16
992.95,8.18
1011.45,8.38
1020.67,9.59
1130.3,11.17
1007.0,10.23
895.71,10.14
909.0,9.92
923.33,10.5
902.66,10.39
907.0,10.63
795.77,9.95
812.25,9.8
831.42,9.84
828.0,9.86
833.31,9.9
834.41,9.66
906.0,10.34
887.99,10.23
902.92,10.42
894.31,10.62
925.06,10.93
931.22,10.77
910.7,10.8
887.0,10.57
896.0,10.55
917.02,10.6
922.63,10.55
924.98,10.58
916.54,10.49
923.23,10.6
970.01,10.7
992.75,10.72
1008.38,10.82
1018.0,10.99
1035.54,11.41
1016.32,11.26
1022.58,11.34
1053.96,11.51
1056.7,11.41
994.24,11.02
1001.99,11.43
1018.65,11.52
1010.0,11.5
1002.82,11.43
1013.92,13.14
1014.53,12.98
1038.94,12.89
1057.3,12.75
1062.15,12.89
1059.88,12.9
1089.82,12.61
1128.29,12.83
1128.71,12.75
1186.9,13.21
1186.91,13.2
1158.0,13.65
1184.91,14.74
1195.81,15.66
1195.08,16.4
1230.0,17.37
1269.17,19.27
1292.86,19.68
1273.97,18.65
1278.98,19.4
1284.99,19.68
1237.36,18.96
1150.22,16.68
1197.3,17.82
1109.01,19.2
1188.11,21.64
1235.58,23.39
1245.49,28.64
1247.42,28.69
1263.0,35.65
1175.11,45.96
1069.57,44.62
970.0,33.64
1019.49,43.21
1044.96,42.31
1114.42,42.36
1034.57,41.37
1025.14,42.99
934.87,52.93
963.72,50.5
973.08,50.73
1042.08,48.97
1045.4,50.3
1043.27,53.1
1042.34,51.88
1088.99,50.18
1092.0,50.71
1113.99,48.74
1152.6,44.25
1143.99,44.47
1132.99,44.78
1192.3,43.3
1194.0,42.32
1184.5,44.45
1210.97,43.92
1210.0,43.92
1223.99,43.83
1214.17,46.48
1177.05,49.77
1173.74,47.2
1178.85,48.94
1177.99,48.13
1189.91,47.94
1201.94,49.79
1214.21,47.78
1236.15,49.38
1249.99,48.37
1247.0,48.61
1251.98,48.96
1257.29,50.12
1281.16,50.31
1298.44,53.42
1349.26,63.67
1353.34,73.14
1365.43,70.4
1384.55,80.87
1436.5,79.35
1471.99,77.55
1533.0,81.29
1563.39,95.97
1551.3,91.93
1585.39,95.84
1609.57,93.82
1713.0,89.25
1720.43,86.58
1794.99,88.36
1837.93,88.3
1695.61,85.17
1792.73,88.42
1799.99,89.39
1747.81,91.0
1777.48,87.98
1813.23,86.88
1899.16,96.2
1976.23,125.14
2058.91,123.63
2057.0,148.78
2123.29,160.1
2272.75,169.95
2432.97,196.06
2355.0,181.51
2272.7,163.8
2099.99,159.91
2232.78,175.48
2279.48,194.82
2191.58,228.69
2303.29,229.14
2419.99,221.91
2478.99,222.04
2548.05,224.95
2521.36,245.5
2698.0,248.0
2871.29,264.22
2685.64,255.68
2799.73,258.64
2811.39,279.38
2931.15,340.2
2998.98,343.01
2655.71,397.37
2709.01,388.0
2432.21,341.7
2409.98,343.71
2480.43,354.26
2634.94,368.98
2515.25,351.85
2596.98,358.71
2725.08,350.94
2643.35,325.41
2679.99,320.02
2690.76,326.99
2574.84,304.5
2505.61,278.49
2407.91,252.99
2575.75,287.23
2553.12,315.32
2530.0,292.95
2455.19,280.04
2423.63,263.12
2516.66,285.0
2542.41,276.37
2602.0,269.2
2616.96,266.27
2604.84,266.01
2501.15,241.28
2561.11,246.64
2508.99,238.81
2331.05,202.86
2310.01,190.57
2383.42,224.04
2340.0,205.0
2217.24,197.23
1964.31,167.72
1911.78,155.68
2235.19,190.87
2308.15,227.01
2258.99,194.74
2873.48,226.06
2657.45,216.6
2825.27,230.69
2754.28,228.31
2762.26,225.96
2564.0,203.78
2525.99,203.23
2664.99,202.94
2786.07,190.72
2700.21,205.9
2723.99,196.95
2856.88,200.82
2732.59,225.73
2699.9,217.92
2787.02,224.0
2857.34,220.72
3243.49,251.85
3222.22,263.96
3398.23,269.9
3422.43,295.95
3342.8,295.26
3444.98,300.51
3656.15,309.65
3874.0,308.35
4060.47,296.66
4320.6,299.16
4159.93,286.71
4370.01,300.45
4280.01,300.67
4101.72,292.87
4157.41,293.58
4050.99,297.79
4002.0,322.0
4092.0,314.19
4143.49,317.5
4312.03,324.56
4360.0,330.14
4344.32,332.99
4340.11,348.2
4384.99,347.54
4599.0,372.48
4581.98,384.1
4743.94,389.2
4947.99,392.87
4649.99,354.87
4626.05,353.06
4498.25,316.86
4432.51,320.08
4616.18,339.38
4624.18,335.56
4350.0,307.96
4334.36,304.99
4251.36,300.33
4210.72,298.47
4164.52,294.5
3855.32,275.71
3250.4,223.85
3740.02,260.88
3726.51,255.84
3719.97,259.66
4100.0,298.0
3910.11,282.8
3872.06,283.55
3617.47,258.11
3619.01,263.88
3787.33,286.03
3669.01,283.21
3919.78,294.41
3885.09,288.77
4200.0,309.85
4189.42,302.33
4156.99,291.88
4339.0,301.57
4394.81,303.25
4392.71,296.72
4307.99,292.36
4214.84,292.0
4320.04,294.89
4362.99,307.73
4425.0,311.12
4603.49,309.2
4769.55,297.0
4750.0,297.99
4814.99,302.0
5440.0,302.12
5624.8,335.89
5819.13,338.37
5693.7,336.89
5754.9,334.36
5594.0,316.37
5574.44,313.59
5704.01,308.02
5989.1,303.15
6024.86,300.0
6005.05,295.14
5905.99,285.83
5525.43,296.99
5739.97,296.76
5891.61,295.98
5780.0,297.59
5752.01,295.11
6140.01,303.38
6124.16,306.87
6445.01,303.51
6783.69,290.82
7039.98,285.4
7170.01,306.0
7412.55,301.66
7392.0,296.57
6969.76,297.32
7126.63,292.42
7467.96,307.91
7156.0,320.72
6577.62,298.04
6346.7,315.69
5886.35,307.1
6535.87,315.56
6605.0,335.04
7294.0,331.81
7838.53,330.21
7714.71,332.31
7777.01,346.6
8031.82,354.59
8256.01,368.24
8109.0,361.51
8250.0,381.73
8031.16,406.61
8215.01,470.98
8795.5,466.77
9401.11,473.99
9768.71,477.53
9949.0,468.52
9935.98,434.01
9903.0,434.0
10869.84,463.82
10930.24,460.34
11290.0,464.76
11643.98,468.22
11718.35,457.3
14090.0,432.49
17390.01,433.28
16367.03,463.45
15309.98,485.04
15290.01,447.51
16885.76,518.0
17730.12,686.82
16689.61,711.94
16749.78,705.01
17738.67,693.5
19650.01,703.59
19378.99,732.18
19039.01,785.65
17838.73,826.65
16496.89,802.86
15758.8,796.98
14210.57,682.11
15075.89,732.8
14221.94,697.04
14171.98,740.5
15790.88,755.07
15367.08,739.99
14450.01,719.5
14565.05,748.89
12839.99,710.58
13863.13,741.27
13480.01,759.03
14781.51,865.0
15098.14,938.31
15144.99,949.0
16960.01,969.27
17098.99,1006.68
16174.22,1118.3
14993.74,1137.01
14480.99,1290.01
14875.18,1246.94
13308.06,1137.01
13820.0,1260.0
14187.95,1386.02
13656.23,1365.46
13590.0,1278.63
11570.01,1080.0
11200.01,1028.06
11305.53,1025.78
11498.99,1037.45
12762.8,1150.02
11518.17,1047.13
10766.7,999.68
10824.94,984.03
11356.79,1056.99
11118.0,1040.0
11086.89,1045.57
11319.0,1100.0
11536.0,1215.01
11123.01,1162.27
9995.0,1054.39
10099.99,1105.01
9014.23,1017.48
8787.52,911.99
9240.0,969.4
8167.91,826.0
6905.19,693.54
7688.46,783.83
7575.75,750.04
8218.1,812.0
8671.01,875.99
8547.49,849.47
8072.99,811.35
8872.28,864.4
8520.01,840.49
9472.98,920.26
10031.23,929.3
10167.49,936.02
11121.5,974.99
10380.04,912.41
11140.0,939.01
11235.57,884.76
10454.27,840.34
9830.0,806.0
10144.99,854.01
9688.62,833.2
9597.99,841.96
10300.0,867.09
10566.57,871.07
10307.27,849.99
10895.92,868.74
11000.0,854.31
11432.5,854.34
11469.9,861.74
11377.54,848.83
10700.0,815.43
9925.0,751.38
9304.89,698.83
9255.0,728.46
8795.44,683.6
9533.88,719.79
9120.0,696.51
9145.41,690.39
8207.02,614.63
8259.99,610.99
8275.0,600.51
7857.6,549.79
8192.0,538.0
8589.0,555.55
8900.0,558.0
8891.81,559.98
8715.09,539.89
8927.1,543.04
8531.34,519.57
8453.0,522.55
8145.0,486.75
7793.61,449.0
7942.72,445.47
7080.0,383.29
6848.01,394.46
6928.5,394.54
6816.01,378.18
7045.01,384.0
7424.9,416.28
6791.68,378.43
6785.85,381.55
6619.01,370.32
6894.01,384.61
7020.01,399.9
6771.13,398.8
6824.99,415.45
6942.99,430.81
7916.0,493.41
7893.19,495.76
8003.11,502.4
8355.25,533.74
8048.93,511.28
7892.1,502.42
8152.05,525.89
8274.0,567.29
8866.27,617.17
8915.42,605.16
8795.01,620.07
8931.3,642.85
9645.1,703.38
8865.98,617.49
9272.11,661.0
8922.55,643.11
9329.99,682.0
9389.01,687.51
9243.83,669.81
9072.29,670.75
9190.48,685.02
9725.74,775.51
9685.0,783.01
9800.0,812.0
9600.0,784.28
9353.0,752.42
9177.82,746.99
9300.08,750.0
9010.51,723.51
8403.33,678.05
8475.0,684.66
8686.1,729.29
8670.0,726.9
8477.46,706.08
8344.0,707.45
8059.0,668.56
8238.51,694.5
8235.6,695.96
8516.86,714.0
8393.44,696.77
7987.7,640.5
7505.0,577.2
7584.15,602.64
7459.11,584.02
7337.95,584.99
7346.64,570.75
7107.94,511.33
7460.0,566.66
7380.01,557.22
7485.0,577.1
7514.32,578.89
7636.42,590.46
7706.37,618.63
7487.37,591.5
7612.51,607.6
7655.0,606.18
7684.93,603.56
7618.8,598.59
7496.4,593.41
6770.31,525.25
6881.0,531.68
6545.0,494.14
6302.31,476.02
6638.49,519.75
6391.22,487.45
6484.29,497.31
6447.16,496.5
6709.02,517.47
6736.41,538.5
6759.18,536.0
6719.01,525.49
6059.82,462.01
6178.29,475.17
6149.99,454.79
6246.01,458.41
6074.0,429.08
6132.17,441.41
5851.66,420.0
6202.36,434.6
6383.19,453.29
6349.5,451.43
6611.79,476.34
6502.62,461.75
6587.47,466.9
6532.95,467.25
6600.0,469.3
6753.28,484.48
6701.97,486.08
6664.01,471.6
6303.7,432.59
6390.04,446.25
6249.75,431.46
6216.29,432.8
6248.65,434.13
6348.73,449.41
6728.81,478.18
7315.01,499.01
7378.99,478.81
7470.01,468.39
7334.46,448.21
7408.0,461.5
7397.8,456.9
7720.09,449.0
8385.5,478.79
8157.15,470.81
7931.99,461.42
8184.21,469.3
8228.9,468.12
8216.34,466.01
8170.01,456.46
7727.27,432.35
7603.99,419.6
7533.92,410.71
7414.08,417.8
7005.0,407.0
7030.01,408.83
6938.0,404.99
6718.22,378.08
6282.5,355.7
6546.45,363.99
6146.01,330.99
6235.56,318.02
6316.01,318.15
6253.67,284.11
6195.01,279.4
6269.01,281.21
6315.9,286.67
6585.49,317.54
6396.64,296.61
6489.53,300.03
6258.74,270.76
6475.89,281.49
6359.99,270.47
6526.36,275.87
6690.88,281.35
6737.52,277.97
6709.98,274.25
6911.9,287.99
7071.01,295.39
7030.9,289.0
6983.0,284.52
7015.01,281.94
7191.08,294.64
7295.0,295.06
7256.98,288.6
7360.0,285.43
6687.96,227.56
6495.0,229.03
6395.01,215.21
6188.0,197.0
6235.01,195.91
6300.0,196.94
6282.53,185.15
6326.0,182.79
6485.99,211.39
6478.04,210.0
6518.68,221.69
6498.0,220.19
6250.7,195.97
6335.7,208.5
6386.94,209.81
6493.11,224.41
6750.0,247.76
6707.33,240.71
6696.99,244.35
6582.09,228.01
6436.89,219.19
6455.66,214.15
6680.01,229.0
6620.01,220.67
6581.0,231.01
6605.0,232.27
6572.83,230.4
6498.46,224.85
6466.03,219.01
6547.45,221.0
6593.94,226.89
6552.43,223.85
6570.0,224.82
6608.07,227.68
6589.48,226.15
6524.56,223.61
6154.69,188.32
6188.01,194.1
6196.0,196.72
6183.49,191.87
6440.42,204.53
6457.11,205.43
6443.7,203.21
6394.96,199.2
6382.99,200.0
6414.0,202.69
6415.88,202.12
6407.65,201.25
6395.14,201.12
6415.98,200.68
6395.58,199.65
6404.87,200.7
6409.12,201.46
6403.62,202.43
6266.0,194.31
6267.63,195.35
6304.18,196.95
6344.0,197.96
6349.8,199.75
6331.96,198.35
6423.28,210.06
6404.0,208.53
6448.5,218.65
6503.12,216.84
6406.24,210.34
6334.89,208.01
6347.42,210.29
6357.6,209.88
6327.87,208.77
6259.34,203.2
5605.46,177.79
5579.52,178.89
5512.24,172.4
5504.17,172.49
5560.0,175.87
4733.5,145.21
4349.23,127.55
4545.11,134.73
4265.36,123.25
4283.8,121.44
3774.99,110.16
3936.69,114.3
3731.32,106.95
3775.0,108.7
4225.03,121.94
4248.0,116.38
3976.0,111.65
4142.01,116.82
4103.19,114.76
3833.47,107.21
3901.84,108.61
3694.39,100.76
3433.26,89.09
3380.01,92.45
3401.0,89.99
3531.18,92.79
3410.15,89.23
3349.36,86.96
3430.24,89.09
3265.0,85.35
3195.71,83.0
3183.0,83.03
3195.0,83.74
3496.82,93.79
3667.77,101.0
3682.51,99.34
4075.34,114.52
3839.06,107.74
3980.46,116.09
3944.93,129.61
4034.0,139.09
3780.0,128.82
3809.88,130.47
3589.89,114.63
3888.06,136.82
3729.31,134.15
3829.0,138.78
3691.86,130.53
3826.1,139.75
3890.79,153.5
3787.57,147.23
3820.25,153.24
3798.62,154.21
4040.99,155.92
4006.01,150.62
3993.86,148.97
4004.12,149.5
3626.12,126.41
3635.69,125.83
3619.41,124.59
3514.24,115.58
3664.19,128.37
3580.76,120.0
3609.71,122.12
3640.65,122.55
3607.85,119.53
3682.65,123.17
3536.19,117.43
3531.76,115.86
3577.03,118.08
3553.01,116.55
3568.97,116.4
3562.17,114.95
3556.07,115.01
3531.02,111.35
3429.95,105.47
3397.42,104.02
3437.55,107.61
3411.5,105.79
3437.5,105.88
3468.43,109.3
3414.78,105.94
3409.57,106.08
3428.4,106.0
3367.36,103.36
3359.0,103.21
3621.99,117.96
3623.73,118.06
3648.84,123.94
3590.36,119.55
3588.06,120.82
3576.68,120.74
3561.5,119.39
3566.59,120.42
3582.37,121.56
3625.08,132.34
3867.0,144.62
3888.01,142.69
3938.99,147.19
3897.71,144.21
3942.02,146.68
4110.0,157.56
3734.22,131.76
3818.79,137.64
3799.48,135.66
3799.91,134.46
3792.14,134.48
3806.17,134.72
3809.7,132.32
3786.93,129.78
3700.72,125.24
3844.59,136.3
3851.89,137.0
3857.05,136.21
3843.12,132.75
3917.0,136.41
3900.92,134.66
3849.68,132.05
3860.0,132.8
3851.02,131.16
3853.95,131.4
3902.8,135.99
3990.0,140.48
3967.01,138.07
3970.5,137.01
4000.85,138.1
4033.0,138.73
3972.76,134.41
3983.78,135.87
3983.43,136.52
3969.52,135.37
3908.01,133.01
3922.42,133.28
4026.53,139.27
4011.17,137.46
4091.01,142.83
4094.14,142.12
4095.0,141.2
4137.01,141.0
4901.93,164.69
4975.07,161.33
4906.49,157.4
5040.66,166.08
5049.22,165.79
5190.2,174.84
5285.54,180.74
5193.49,175.83
5320.81,177.55
5041.32,164.92
5078.18,164.27
5066.22,163.75
5164.0,168.11
5029.99,160.24
5204.92,166.38
5227.0,166.54
5282.32,174.15
5290.36,173.83
5319.89,173.73
5297.64,169.9
5387.6,171.58
5532.85,171.07
5443.14,165.75
5125.3,151.95
5159.51,153.41
5170.6,155.66
5155.0,153.19
5148.25,152.36
5267.43,160.4
5321.15,158.39
5390.01,158.7
5657.4,164.91
5770.01,161.85
5715.86,161.25
5687.9,171.07
5743.3,166.34
5943.6,169.58
6153.09,170.11
6343.14,172.21
7223.21,193.99
6979.76,188.23
7825.41,196.51
7990.92,217.6
8204.24,249.12
7878.96,264.39
7361.1,244.59
7262.4,234.03
8196.59,261.089
7999.54,252.22
7951.7,254.74
7626.48,243.32
7881.98,245.64
8002.21,249.83
8063.81,251.55
8731.96,268.8
8768.62,272.65
8715.36,271.15
8662.44,269.39
8279.69,254.47
8566.04,267.56
8558.95,264.78
8736.54,269.23
8107.96,250.89
7670.96,240.93
7789.48,246.32
7802.57,249.85
7998.13,249.49
7930.14,244.3
7635.06,231.3
8015.69,247.29
7918.17,245.11
8176.02,262.92
8239.04,255.25
8697.45,263.79
8860.23,269.29
8978.66,268.33
9331.75,273.97
9071.95,264.07
9277.29,268.79
9531.21,271.82
10220.0,296.25
10666.8,308.49
10833.0,307.48
11032.3,311.0
11755.5,317.27
12927.4,334.36
11159.2,293.47
12360.4,309.49
11865.2,317.0
10760.1,290.07
10577.6,294.15
10829.1,291.25
11976.0,301.81
11137.8,282.8
11004.5,288.0
11237.7,287.57
11474.4,306.67
12293.5,313.24
12561.0,307.92
12097.9,288.64
11349.0,268.68
11802.0,275.55
11370.1,269.04
10195.6,225.76
10854.4,228.28
9422.71,198.89
9696.31,211.4
10651.4,226.31
10518.5,220.96
10761.0,228.89
10590.7,225.64
10323.3,216.77
9840.12,211.93
9767.87,217.0
9883.34,219.31
9843.0,219.35
9479.98,206.57
9532.99,211.5
9495.0,210.69
9589.01,209.83
10086.3,218.7
10405.9,217.55
10533.0,217.8
10820.7,222.14
10977.5,222.96
11819.4,233.0
11465.4,225.81
11983.7,225.8
11982.4,220.81
11856.1,210.27
11280.9,206.13
11540.7,216.05
11389.3,211.1
10868.5,208.58
9971.71,186.3
10300.0,187.97
10352.7,185.26
10215.2,185.59
10315.4,194.74
10920.0,202.32
10769.0,196.16
10130.0,187.37
10107.1,191.13
10410.8,194.59
10147.9,190.89
10140.9,186.32
10361.6,188.3
10171.8,186.94
9714.31,172.79
9495.0,168.82
9582.42,168.21
9600.86,172.11
9766.52,171.29
10381.2,178.8
10628.4,179.08
10582.2,174.82
10574.7,174.0
10306.9,169.55
10484.3,178.08
10398.9,181.15
10310.0,180.63
10084.1,179.17
10160.2,178.3
10423.7,180.89
10367.4,181.65
10360.2,188.85
10304.4,189.3
10262.5,197.59
10185.3,207.95
10155.2,210.27
10287.7,222.89
10168.8,218.06
9975.12,214.8
10026.8,211.51
9693.75,200.89
8530.01,166.26
8438.35,169.98
8068.2,165.82
8193.99,174.44
8217.46,173.9
8052.4,169.75
8304.95,179.6
8322.73,176.15
8381.71,180.82
8240.41,175.05
8156.67,176.1
8147.63,176.73
7859.79,170.18
8209.0,180.68
8180.0,181.26
8590.01,193.26
8587.5,191.79
8267.33,180.84
8309.03,179.86
8282.96,181.36
8355.0,186.65
8162.44,180.58
7993.54,174.5
8076.2,177.31
7954.16,172.96
7965.28,172.09
8236.04,175.49
8209.92,174.37
8024.72,171.3
7474.85,161.57
7430.87,160.67
8668.0,181.66
9259.78,180.03
9548.84,184.41
9219.94,182.28
9430.79,191.1
9164.45,183.38
9159.48,182.72
9253.12,183.19
9308.51,183.27
9206.52,181.69
9412.53,186.25
9309.0,188.88
9341.27,191.13
9205.76,186.71
8763.01,183.18
8810.76,184.88
9038.2,188.88
8721.54,184.65
8795.77,186.98
8758.34,187.72
8635.01,184.55
8457.48,179.82
8480.79,182.25
8500.01,183.88
8168.84,177.85
8123.36,175.52
8082.96,174.32
7616.46,160.84
7298.18,150.31
7330.98,152.0
6908.64,140.28
7127.01,145.91
7172.15,148.04
7523.72,153.0
7432.12,151.01
7760.0,154.75
7551.99,151.97
7404.27,151.47
7305.0,149.13
7298.2,147.51
7213.61,145.65
7394.99,147.86
7540.87,148.74
7500.03,147.43
7529.21,150.67
7341.49,147.35
7226.98,145.64
7194.13,143.18
7189.41,144.69
7248.23,144.66
7071.01,141.81
7112.63,142.29
6884.75,132.7
6615.8,121.55
7294.81,133.01
7150.01,128.19
7182.77,128.36
7143.01,127.05
7515.3,132.33
7323.21,128.02
7232.76,127.54
7195.81,124.95
7195.96,125.44
7240.4,126.26
7300.42,127.97
7389.0,134.28
7220.0,131.009
7177.36,128.539
7177.57,130.27
6946.33,126.81
7308.09,133.57
7347.49,134.13
7342.49,134.99
7770.88,144.19
8168.44,143.35
8045.51,140.6
7813.78,137.71
8170.27,144.72
8021.84,142.63
8165.21,146.6
8104.5,143.51
8822.71,165.76
8808.81,166.29
8714.76,163.93
8899.42,169.59
8909.32,174.43
8697.53,166.75
8619.52,166.68
8722.03,169.19
8653.84,167.7
8385.21,162.4
8427.26,162.3
8326.81,160.12
8595.0,167.35
8895.95,169.77
9394.5,175.77
9290.62,173.4
9503.08,184.55
9334.98,179.74
9382.65,183.68
9323.5,188.39
9290.23,189.68
9164.33,188.24
9613.82,204.0
9763.01,212.95
9808.04,223.22
9905.64,223.37
10168.8,228.8
9851.78,222.85
10270.0,237.98
10351.1,266.41
10236.4,268.42
10371.3,286.27
9911.21,264.92
9921.0,258.5
9700.0,268.03
10188.0,282.81
9600.08,259.48
9622.89,257.97
9700.35,265.8
9668.23,262.079
9966.0,275.21
9660.0,266.16
9304.99,247.93
8778.29,224.73
8812.49,227.63
8708.89,227.37
8556.58,218.55
8522.33,218.18
8915.0,232.08
8757.84,223.57
8760.66,223.98
9060.93,228.49
9145.77,244.73
8901.37,237.75
8033.54,198.99
7934.52,201.39
7884.87,200.15
7938.05,194.61
4857.1,106.09
5637.6,133.33
5165.25,122.17
5342.64,123.3
5024.0,110.82
5331.72,116.09
5413.64,118.6
6186.95,136.68
6201.61,133.27
6198.78,132.11
5834.78,122.42
6499.12,136.35
6766.65,139.0
6690.0,136.26
6759.85,139.0
6372.36,131.57
6251.82,131.35
5902.05,125.01
6406.4,132.32
6445.67,133.08
6664.85,136.16
6805.12,141.53
6741.99,141.42
6874.77,144.48
6794.49,142.79
7341.56,170.74
7209.62,164.97
7370.11,173.36
7293.24,170.22
6871.91,158.1
6889.65,158.55
6908.13,160.09
6861.21,156.62
6877.37,157.97
6624.12,153.21
7112.78,172.31
7036.25,170.89
7254.33,187.46
7130.71,180.57
6838.19,170.5
6853.68,171.07
7136.84,183.11
7472.45,185.2
7508.67,187.71
7543.29,194.51
7692.05,197.53
7785.73,196.78
7758.4,197.63
8780.01,215.52
8624.28,206.23
8829.42,212.09
8985.0,214.25
8905.49,210.24
8883.53,206.86
8989.4,205.43
9157.11,199.26
10000.0,212.42
9810.0,211.59
9558.85,210.54
8741.86,187.97
8601.4,186.06
8796.25,189.43
9318.04,200.01
9799.12,203.45
9312.1,194.45
9383.16,200.53
9666.27,207.05
9728.52,214.83
9776.57,214.71
9516.0,209.96
9058.71,198.72
9168.84,207.09
9177.95,206.8
8714.4,201.57
8899.31,204.24
8844.42,200.91
9208.53,207.94
9561.26,219.45
9427.01,220.5
9689.12,243.28
9446.57,231.54
10210.1,247.98
9522.45,237.71
9655.62,244.6
9788.03,243.18
9624.99,240.04
9660.75,241.98
9744.14,244.38
9783.37,246.89
9763.79,244.03
9896.56,248.04
9268.16,230.15
9454.0,237.53
9475.0,238.17
9333.45,231.34
9427.86,230.98
9526.25,235.29
9457.51,233.71
9382.01,231.05
9279.4,228.66
9355.74,228.8
9286.14,227.81
9697.17,243.21
9623.56,243.05
9274.04,234.44
9244.77,232.29
9155.0,229.41
9002.51,220.57
9124.04,224.76
9184.45,227.81
9136.2,225.7
9239.96,231.03
9091.53,226.48
9063.87,225.08
9134.23,229.34
9073.49,227.67
9343.18,241.7
9253.94,238.98
9435.28,247.01
9237.32,242.0
9289.81,241.2
9235.21,239.17
9292.6,242.81
9242.31,239.44
9256.94,240.43
9190.16,238.33
9130.11,233.41
9152.64,232.7
9175.85,235.8
9214.74,239.19
9163.75,236.1
9392.79,245.88
9535.99,264.28
9613.24,275.3
9543.79,279.58
9696.19,305.01
9941.0,310.85
11020.0,321.91
10923.9,317.24
11098.8,317.82
11119.6,334.65
11342.5,346.36
11810.0,387.4
11068.5,372.21
11252.4,386.22
11197.0,389.82
11756.7,400.99
11773.8,395.28
11606.5,379.75
11774.9,393.33
11688.4,390.41
11876.2,395.69
11388.9,378.88
11571.6,387.45
11788.4,426.11
11767.5,437.54
11859.2,433.27
11907.7,433.7
12305.5,431.33
11950.0,422.41
11747.7,408.22
11864.2,415.92
11507.2,388.05
11684.5,395.95
11650.0,390.67
11753.8,407.98
11324.9,383.33
11463.2,386.1
11329.1,382.03
11535.0,395.25
11474.3,398.58
11716.0,428.94
11655.0,433.89
11929.8,475.57
11405.6,440.67
10264.1,382.87
10483.5,388.76
10168.3,335.25
10257.8,352.77
10375.0,351.57
10125.6,337.48
10216.4,350.68
10344.2,368.06
10383.9,373.61
10445.2,387.81
10323.3,366.58
10671.4,376.32
10783.7,364.2
10959.6,365.23
10943.6,389.45
10937.5,384.64
11080.0,385.03
10920.8,370.69
10414.4,340.11
10532.8,344.26
10235.1,320.63
10740.0,349.14
10690.5,352.11
10735.6,354.99
10770.0,357.25
10695.5,353.91
10840.4,359.9
10779.6,359.38
10612.4,352.75
10573.1,345.7
10551.6,346.18
10671.1,352.48
10795.0,353.81
10606.1,340.78
10670.4,341.68
10906.3,350.73
11067.0,365.36
11302.9,370.89
11381.7,374.38
11535.4,386.74
11429.9,380.99
11427.7,379.62
11500.1,377.37
11328.9,365.57
11367.8,368.64
11514.2,378.58
11760.4,379.36
11923.8,368.81
12844.4,392.28
12986.8,414.7
12937.0,409.52
13128.3,412.62
13041.6,406.37
13085.1,393.86
13793.7,405.91
13285.8,388.63
13456.5,387.6
13571.2,383.37
13803.2,386.99
13748.0,395.89
13562.7,383.33
14035.8,388.32
14161.4,403.18
15608.2,417.12
15599.9,456.66
14834.0,435.85
15502.9,454.98
15317.6,444.44
15315.0,450.57
15701.3,463.88
16276.6,462.36
16333.8,477.48
16082.0,461.16
15979.5,449.04
16743.0,461.74
17686.6,482.56
17845.5,480.0
17842.0,471.97
18656.0,510.43
18718.8,551.21
18426.2,557.05
18398.9,609.58
19129.3,602.9
18769.4,571.02
17076.0,520.23
17153.9,519.07
17723.5,537.74
18190.0,575.38
19684.0,613.33
18870.8,589.88
19204.6,598.45
19465.1,617.33
18739.5,571.7
19135.9,595.85
19348.4,601.58
19202.1,591.92
18319.7,553.95
18559.9,573.54
18279.0,559.99
18056.7,544.24
18811.5,568.56
19168.5,590.4
19272.3,586.51
19452.5,589.4
21359.6,637.92
22826.4,643.54
23140.3,654.66
23874.5,659.02
23530.0,638.4
22729.4,611.02
23825.9,635.75
23224.3,584.15
23719.4,612.24
24703.3,626.75
26475.3,636.04
26258.6,684.12
27038.0,729.74
27394.4,731.76
28897.4,753.43
28990.0,738.42
29388.3,730.99
32149.9,775.3
33086.2,980.44
32023.9,1042.41
34085.6,1102.88
36825.0,1204.13
39505.5,1228.18
40675.8,1217.5
40257.4,1281.58
38171.5,1263.25
35481.7,1093.75
34039.0,1050.09
37369.0,1130.46
39133.1,1218.55
36760.0,1168.09
36200.6,1234.57
35824.3,1233.9
36700.0,1258.48
35922.7,1368.04
35497.3,1387.96
30854.7,1116.41
32983.5,1233.59
32114.2,1234.55
32288.5,1393.47
32277.4,1318.45
32597.3,1353.84
30417.7,1241.03
33488.8,1332.14
34190.5,1379.87
34361.5,1379.42
33224.6,1317.58
33533.1,1374.85
35512.6,1513.8
37552.5,1666.0
37000.2,1598.27
38311.4,1720.01
39267.8,1679.77
38871.4,1615.87
46375.9,1752.98
46517.4,1771.44
44850.0,1743.76
47997.9,1787.77
47431.2,1845.0
47239.8,1818.01
48680.6,1803.75
47936.3,1779.61
49158.7,1783.39
52173.5,1852.0
51601.7,1938.92
55971.5,1960.57
56104.9,1915.46
57489.1,1935.57
54141.9,1778.7
48899.9,1577.83
49737.8,1625.2
47135.4,1473.0
46320.7,1445.18
46189.9,1462.63
45260.1,1422.02
49593.8,1569.09
48513.0,1489.57
50368.2,1576.31
48533.0,1539.56
48879.2,1529.09
48909.8,1650.54
50941.2,1728.94
52304.2,1834.58
54916.3,1871.99
55972.8,1798.15
57797.0,1826.02
57271.2,1768.86
61283.8,1924.4
59423.0,1860.49
55743.9,1786.9
56919.2,1805.84
58927.5,1824.74
57644.9,1776.4
58050.6,1807.31
58126.1,1806.72
57465.1,1785.88
54100.0,1681.67
54582.7,1668.09
52267.0,1581.76
51325.0,1587.08
55072.4,1700.1
55880.1,1713.88
55778.8,1686.92
57613.1,1815.73
58786.4,1841.16
58800.0,1913.84
58726.4,1968.38
58978.5,2132.83
57094.3,2009.25
58200.2,2076.36
59123.0,2100.25
58014.5,2115.25
55955.7,1972.4
58019.8,2081.29
58092.6,2066.03
59778.6,2132.92
59989.2,2150.54
59886.1,2141.08
63588.2,2300.02
62624.5,2432.54
63237.0,2516.11
61427.2,2426.64
60141.1,2324.73
56274.4,2243.34
55670.9,2163.82
56423.0,2328.54
53808.7,2357.73
51701.5,2399.98
51076.0,2365.17
50046.4,2211.31
49059.5,2308.32
54017.2,2533.96
55046.7,2655.63
54894.0,2751.22
53583.6,2758.92
57885.2,2775.48
57858.2,2948.92
56625.1,2952.39
57197.5,3433.99
53241.9,3240.74
57515.6,3530.0
56444.5,3497.13
57392.4,3490.0
58958.0,3917.5
58238.4,3922.36
55804.8,3949.21
56755.9,4179.81
49498.7,3826.64
49694.4,3727.31
49961.6,4080.51
46795.7,3649.36
46450.7,3585.66
43580.5,3283.32
42857.1,3376.88
36941.0,2458.54
40623.2,2775.07
37340.7,2418.64
37596.1,2300.01
34742.5,2114.38
38878.5,2651.24
38200.0,2684.47
39293.2,2889.84
38556.8,2743.13
35670.5,2422.52
34618.7,2280.53
35646.4,2388.46
37271.8,2706.58
36685.0,2634.42
37581.8,2706.32
39244.9,2856.68
36952.8,2688.89
35530.6,2621.04
35800.4,2710.97
33583.3,2592.46
33416.6,2510.26
37373.0,2611.0
36694.0,2471.58
37349.9,2355.27
35517.3,2372.91
39015.2,2508.63
40530.6,2582.69
40242.3,2549.32
38351.0,2368.46
38094.7,2373.33
35767.7,2229.57
35484.7,2164.71
35631.0,2239.61
31608.1,1885.67
32538.3,1861.77
33674.2,1968.34
34654.5,1988.81
31596.6,1819.55
32275.1,1829.17
34709.2,1984.71
34493.2,2083.79
35904.2,2166.17
35069.6,2272.98
33524.5,2116.1
33805.0,2156.0
34682.1,2227.01
35312.8,2323.15
33764.3,2198.62
34111.9,2321.84
33878.5,2312.61
32854.1,2116.94
33824.2,2149.96
33515.3,2110.03
34259.2,2140.82
33091.1,2031.96
32577.5,1932.37
32816.3,1994.11
31868.6,1918.07
31381.1,1876.99
31576.2,1902.57
31788.2,1891.46
30842.0,1818.45
29789.9,1786.46
32135.1,1994.29
32290.3,2022.89
33521.4,2125.75
34252.6,2186.25
35428.2,2190.73
37262.7,2228.26
39488.7,2294.17
40035.1,2299.27
40033.5,2380.69
42137.4,2468.77
41697.2,2540.12
39865.4,2569.57
39149.5,2608.12
38191.4,2508.31
39729.5,2725.87
40888.7,2825.27
42869.5,2893.32
44699.6,3168.69
43765.1,3014.13
46339.9,3162.34
45586.5,3141.32
45553.4,3163.34
44461.4,3047.21
47837.4,3324.51
47113.6,3269.24
47050.2,3309.56
45874.7,3149.28
44671.5,3006.13
44837.6,3029.84
46765.8,3184.21
49296.4,3286.58
48990.9,3229.79
49284.6,3244.01
49506.5,3323.12
47667.3,3168.32
48987.3,3228.51
47071.4,3110.39
49077.5,3266.6
48889.9,3242.47
48919.3,3233.74
46993.7,3229.01
47261.2,3444.39
48839.8,3817.15
49338.3,3793.16
50025.0,3940.06
49960.7,3887.53
51751.5,3951.43
52656.2,3928.89
46894.5,3436.96
46073.5,3481.72
46300.0,3419.93
44851.4,3209.82
45171.8,3266.97
46016.1,3403.75
45005.2,3291.77
47039.2,3421.45
48130.2,3615.13
47801.5,3568.62
47235.0,3397.24
48213.7,3429.25
47255.9,3323.0
43012.9,2977.31
40683.0,2759.55
43575.1,3078.72
44879.6,3153.49
42840.7,2930.61
42705.5,2924.53
43228.5,3064.64
42171.7,2927.15
41049.0,2807.19
41522.1,2848.28
43824.4,3000.45
